{"cameraMode":{"drawMode":0,"name":"Shaded","section":"Shading Mode"},"sceneLighting":true,"audioPlay":false,"sceneViewState":{"m_AlwaysRefresh":false,"showFog":true,"showSkybox":true,"showFlares":true,"showImageEffects":true,"showParticleSystems":true,"showVisualEffectGraphs":true,"m_FxEnabled":true},"in2DMode":false,"pivot":{"x":0.49900001287460329,"y":0.7856966257095337,"z":0.17420554161071778},"rotation":{"x":0.09443524479866028,"y":0.028425296768546106,"z":-0.00017297336307819933,"w":0.9955786466598511},"size":0.14881713688373567,"orthographic":true}