{"cameraMode":{"drawMode":0,"name":"Shaded","section":"Shading Mode"},"sceneLighting":true,"audioPlay":false,"sceneViewState":{"m_AlwaysRefresh":false,"showFog":true,"showSkybox":true,"showFlares":true,"showImageEffects":true,"showParticleSystems":true,"showVisualEffectGraphs":true,"m_FxEnabled":true},"in2DMode":false,"pivot":{"x":0.9028738141059876,"y":0.9018121957778931,"z":0.17274783551692964},"rotation":{"x":-0.36773571372032168,"y":0.018866708502173425,"z":-0.009454681538045407,"w":-0.9302318096160889},"size":0.15732106566429139,"orthographic":true}