{"cameraMode":{"drawMode":0,"name":"Shaded","section":"Shading Mode"},"sceneLighting":true,"audioPlay":false,"sceneViewState":{"m_AlwaysRefresh":false,"showFog":true,"showSkybox":true,"showFlares":true,"showImageEffects":true,"showParticleSystems":true,"showVisualEffectGraphs":true,"m_FxEnabled":true},"in2DMode":false,"pivot":{"x":0.5770058631896973,"y":0.8218714594841003,"z":0.5182814002037048},"rotation":{"x":0.023268673568964006,"y":-0.775671660900116,"z":0.029420863837003709,"w":0.630657970905304},"size":0.06607785820960999,"orthographic":true}