{"cameraMode":{"drawMode":0,"name":"Shaded","section":"Shading Mode"},"sceneLighting":true,"audioPlay":false,"sceneViewState":{"m_AlwaysRefresh":false,"showFog":true,"showSkybox":true,"showFlares":true,"showImageEffects":true,"showParticleSystems":true,"showVisualEffectGraphs":true,"m_FxEnabled":true},"in2DMode":false,"pivot":{"x":0.4424847364425659,"y":0.6604949235916138,"z":0.3192726671695709},"rotation":{"x":0.7203500270843506,"y":0.03451261296868324,"z":-0.03620106726884842,"w":0.6919695138931274},"size":0.05396033823490143,"orthographic":true}