{"cameraMode":{"drawMode":0,"name":"Shaded","section":"Shading Mode"},"sceneLighting":true,"audioPlay":false,"sceneViewState":{"m_AlwaysRefresh":false,"showFog":true,"showSkybox":true,"showFlares":true,"showImageEffects":true,"showParticleSystems":true,"showVisualEffectGraphs":true,"m_FxEnabled":true},"in2DMode":false,"pivot":{"x":1.57100510597229,"y":1.042238473892212,"z":0.007321767508983612},"rotation":{"x":0.28635579347610476,"y":-0.30887743830680849,"z":0.0980900377035141,"w":0.9016981720924377},"size":0.04854225739836693,"orthographic":true}