{"cameraMode":{"drawMode":0,"name":"Shaded","section":"Shading Mode"},"sceneLighting":true,"audioPlay":false,"sceneViewState":{"m_AlwaysRefresh":false,"showFog":true,"showSkybox":true,"showFlares":true,"showImageEffects":true,"showParticleSystems":true,"showVisualEffectGraphs":true,"m_FxEnabled":true},"in2DMode":false,"pivot":{"x":0.4833504259586334,"y":0.7209674119949341,"z":0.1430249810218811},"rotation":{"x":-0.20416909456253053,"y":-0.0061945547349750999,"z":-0.00046234094770625234,"w":-0.9794397354125977},"size":0.04338065907359123,"orthographic":true}