{"cameraMode":{"drawMode":0,"name":"Shaded","section":"Shading Mode"},"sceneLighting":true,"audioPlay":false,"sceneViewState":{"m_AlwaysRefresh":false,"showFog":true,"showSkybox":true,"showFlares":true,"showImageEffects":true,"showParticleSystems":true,"showVisualEffectGraphs":true,"m_FxEnabled":true},"in2DMode":false,"pivot":{"x":0.578249454498291,"y":0.7768831253051758,"z":-0.004238098859786987},"rotation":{"x":-0.18202944099903108,"y":0.17589175701141358,"z":-0.03280090540647507,"w":-0.9670574069023132},"size":0.07614772021770477,"orthographic":true}