{"cameraMode":{"drawMode":0,"name":"Shaded","section":"Shading Mode"},"sceneLighting":false,"audioPlay":false,"sceneViewState":{"m_AlwaysRefresh":false,"showFog":true,"showSkybox":false,"showFlares":true,"showImageEffects":true,"showParticleSystems":true,"showVisualEffectGraphs":true,"m_FxEnabled":true},"in2DMode":false,"pivot":{"x":0.4521000385284424,"y":0.7170000076293945,"z":0.416064977645874},"rotation":{"x":0.004962780978530645,"y":0.41184210777282717,"z":0.00004855927545577288,"w":0.9117254018783569},"size":0.4281604588031769,"orthographic":true}