{"cameraMode":{"drawMode":0,"name":"Shaded","section":"Shading Mode"},"sceneLighting":true,"audioPlay":false,"sceneViewState":{"m_AlwaysRefresh":false,"showFog":true,"showSkybox":true,"showFlares":true,"showImageEffects":true,"showParticleSystems":true,"showVisualEffectGraphs":true,"m_FxEnabled":true},"in2DMode":false,"pivot":{"x":2.3037800788879396,"y":-0.0028574466705322267,"z":-0.42990225553512576},"rotation":{"x":-0.10647252202033997,"y":-0.05009622126817703,"z":0.005371949169784784,"w":-0.9930483102798462},"size":4.585328578948975,"orthographic":false}