{"cameraMode":{"drawMode":0,"name":"Shaded","section":"Shading Mode"},"sceneLighting":false,"audioPlay":false,"sceneViewState":{"m_AlwaysRefresh":false,"showFog":true,"showSkybox":false,"showFlares":true,"showImageEffects":true,"showParticleSystems":true,"showVisualEffectGraphs":true,"m_FxEnabled":true},"in2DMode":false,"pivot":{"x":0.19840002059936524,"y":0.7937999963760376,"z":0.43939998745918276},"rotation":{"x":0.39122623205184939,"y":0.03506435826420784,"z":-0.012803882360458374,"w":0.9200149774551392},"size":0.042426422238349918,"orthographic":true}