{"cameraMode":{"drawMode":0,"name":"Shaded","section":"Shading Mode"},"sceneLighting":true,"audioPlay":false,"sceneViewState":{"m_AlwaysRefresh":false,"showFog":true,"showSkybox":false,"showFlares":true,"showImageEffects":true,"showParticleSystems":true,"showVisualEffectGraphs":true,"m_FxEnabled":true},"in2DMode":false,"pivot":{"x":1.620516061782837,"y":0.8560800552368164,"z":0.397599995136261},"rotation":{"x":0.39122623205184939,"y":0.03506435826420784,"z":-0.012803882360458374,"w":0.9200149774551392},"size":1.2124356031417847,"orthographic":true}