{"cameraMode":{"drawMode":0,"name":"Shaded","section":"Shading Mode"},"sceneLighting":true,"audioPlay":false,"sceneViewState":{"m_AlwaysRefresh":false,"showFog":true,"showSkybox":false,"showFlares":true,"showImageEffects":true,"showParticleSystems":true,"showVisualEffectGraphs":true,"m_FxEnabled":true},"in2DMode":false,"pivot":{"x":0.010120004415512085,"y":0.7956384420394898,"z":0.3392000198364258},"rotation":{"x":0.39122623205184939,"y":0.03506435826420784,"z":-0.012803882360458374,"w":0.9200149774551392},"size":0.8660253882408142,"orthographic":true}