{"cameraMode":{"drawMode":0,"name":"Shaded","section":"Shading Mode"},"sceneLighting":true,"audioPlay":false,"sceneViewState":{"m_AlwaysRefresh":false,"showFog":true,"showSkybox":false,"showFlares":true,"showImageEffects":true,"showParticleSystems":true,"showVisualEffectGraphs":true,"m_FxEnabled":true},"in2DMode":false,"pivot":{"x":0.010120004415512085,"y":0.7956384420394898,"z":0.3392000198364258},"rotation":{"x":0.030511274933815004,"y":0.7666969299316406,"z":-0.03315285965800285,"w":0.6411129236221314},"size":0.06439250707626343,"orthographic":true}